WBSFSBS109,PURSUIT SHOE,PURSUIT SHOE,Anatomically molded shoe with neoprene and mesh for excellent protcection from sand and gravel - great for wet wading or boat use,Boots,Clothing,http://www.westbranchangler.com/assetstore/site/images/items/120x120/simms_pursuit_wading_shoe.jpg,http://www.westbranchangler.com/assetstore/site/images/items/325x325/simms_pursuit_wading_shoe.jpg,http://www.westbranchangler.com/WBSFSBS109,119.95
WBSFSN,FREESTONE® BOOT - STREAMTREAD™,FREESTONE® BOOT - STREAMTREAD™,An updated version of a Simms favorite. The new Freestone offers outstanding quality and comfort at a fantastic price.,Boots,Clothing,http://www.westbranchangler.com/assetstore/site/images/items/120x120/simms_freestone_streamtread.jpg,http://www.westbranchangler.com/assetstore/site/images/items/325x325/simms_freestone_streamtread.jpg,http://www.westbranchangler.com/WBSFSN,129.95
WBSFSG4109,G4 GUIDE BOOT,G4 GUIDE BOOT,This is the hardest working boot that Simms offers. The G4 utilizes leather and Schoeller® fabric technology. ,Boots,Clothing,http://www.westbranchangler.com/assetstore/site/images/items/120x120/simms_g4guide_boot_streamtread.jpg,http://www.westbranchangler.com/assetstore/site/images/items/325x325/simms_g4guide_boot_streamtread.jpg,http://www.westbranchangler.com/WBSFSG4109,219.95
WBSFSG,GUIDE BOOT - STREAMTREAD™ ,GUIDE BOOT - STREAMTREAD™ ,"Our most durable leather boot, featuring outstanding traction, protection and stability in the StreamTread sole. ",Boots,Clothing,http://www.westbranchangler.com/assetstore/site/images/items/120x120/simms_guide_boot_streamtread.jpg,http://www.westbranchangler.com/assetstore/site/images/items/325x325/simms_guide_boot_streamtread.jpg,http://www.westbranchangler.com/WBSFSG,199.95
WBSFSS,HEADWATERS® BOOT - STREAMTREAD™,HEADWATERS® BOOT - STREAMTREAD™,Lace up our lightest boots without taking a hit to your budget. The Headwaters carry a featherweight price tag and deliver rugged performance.,Boots,Clothing,http://www.westbranchangler.com/assetstore/site/images/items/120x120/simms_headwaters_streamtread.jpg,http://www.westbranchangler.com/assetstore/site/images/items/325x325/simms_headwaters_streamtread.jpg,http://www.westbranchangler.com/WBSFSS,149.95
WBSFST,RIVERSHED™ BOOT - STREAMTREAD™ ,RIVERSHED™ BOOT - STREAMTREAD™ ,An athletic design for anglers who want lighter boots to hike into the backcountry. ,Boots,Clothing,http://www.westbranchangler.com/assetstore/site/images/items/120x120/simms_rivershed_streamtread.jpg,http://www.westbranchangler.com/assetstore/site/images/items/325x325/simms_rivershed_streamtread.jpg,http://www.westbranchangler.com/WBSFST,179.95
WBSFSRS109,PURSUIT SANDAL ,PURSUIT SANDAL ,"Along with a casual yet technical design, our new Vibram® soles won't mark the boat deck and provide traction on mossy rocks.",Boots,Clothing,http://www.westbranchangler.com/assetstore/site/images/items/120x120/simms_pursuit_wading_sandle.jpg,http://www.westbranchangler.com/assetstore/site/images/items/325x325/simms_pursuit_wading_sandle.jpg,http://www.westbranchangler.com/WBSFSRS109,99.95
WBSFSWH109,WOMEN'S HEADWATERS® BOOT,WOMEN'S HEADWATERS® BOOT,We have developed a wading boot just for women that features a narrower last and lightweight wading comfort - without forfeiting support.,Boots,Clothing,http://www.westbranchangler.com/assetstore/site/images/items/120x120/simms_womens_headwaters_boot.jpg,http://www.westbranchangler.com/assetstore/site/images/items/325x325/simms_womens_headwaters_boot.jpg,http://www.westbranchangler.com/WBSFSWH109,149.95
WBSFSBF110,BLACKFOOT™ BOOT - VIBRAM,BLACKFOOT™ BOOT - VIBRAM,"Whether you are a new angler or looking for great value, the Blackfoot Boot offers Simms quality and a Vibram® sole.",Boots, Equipment,http://www.westbranchangler.com/assetstore/site/images/items/120x120/WBSFSBF110.jpg,http://www.westbranchangler.com/assetstore/site/images/items/325x325/WBSFSBF110.jpg,http://www.westbranchangler.com/WBSFSBF110,99.95
WBSFSFB110,FLATS BOOT,FLATS BOOT,Footwear designed for the most demanding flats wading environments with more support. Featuring puncture and abrasion-resistant materials for added durability.,Boots,Clothing,http://www.westbranchangler.com/assetstore/site/images/items/120x120/flats_boot.jpg,http://www.westbranchangler.com/assetstore/site/images/items/325x325/flats_boot.jpg,http://www.westbranchangler.com/WBSFSFB110,149.95
WBSFSFS110,FLATS SNEAKER,FLATS SNEAKER,A new design for 2010. The Flats Sneaker offers a lightweight sneaker for flats wading or on the bow of a skiff boat. ,Boots,Clothing,http://www.westbranchangler.com/assetstore/site/images/items/120x120/flats_sneaker_2010.jpg,http://www.westbranchangler.com/assetstore/site/images/items/325x325/flats_sneaker_2010.jpg,http://www.westbranchangler.com/WBSFSFS110,99.95
WBSFLBB1094320,DRY CREEK™ BOAT BAG - SMALL ,DRY CREEK™ BOAT BAG - SMALL ,"Our super-tough boat bags - offered in 3 sizes - are perfect for storing and protecting fly boxes, fly reels and other fishing gear.",Gear Bags,Packs,http://www.westbranchangler.com/assetstore/site/images/items/120x120/simms_drycreek_boat_bag_small.jpg,http://www.westbranchangler.com/assetstore/site/images/items/325x325/simms_drycreek_boat_bag_small.jpg,http://www.westbranchangler.com/WBSFLBB1094320,119.95
WBSFLBB1094330,DRY CREEK™ BOAT BAG- MEDIUM,DRY CREEK™ BOAT BAG- MEDIUM,"Our super-tough boat bags - offered in 3 sizes - are perfect for storing and protecting fly boxes, fly reels and other fishing gear.",Gear Bags,Packs,http://www.westbranchangler.com/assetstore/site/images/items/120x120/simms_drycreek_boat_bag_medium.jpg,http://www.westbranchangler.com/assetstore/site/images/items/325x325/simms_drycreek_boat_bag_medium.jpg,http://www.westbranchangler.com/WBSFLBB1094330,169.95
WBSFLBB109,DRY CREEK™ BOAT BAG- LARGE,DRY CREEK™ BOAT BAG- LARGE,"Our super-tough boat bags - offered in 3 sizes - are perfect for storing and protecting fly boxes, fly reels and other fishing gear.",Gear Bags,Packs,http://www.westbranchangler.com/assetstore/site/images/items/120x120/dry_creek_boat_bag_simms_2009.jpg,http://www.westbranchangler.com/assetstore/site/images/items/325x325/dry_creek_boat_bag_simms_2009.jpg,http://www.westbranchangler.com/WBSFLBB109,199.95
WBSFLRW109,DRY CREEK™ ROLL TOP ,DRY CREEK™ ROLL TOP ,A durable bag for gear transport and waterproof storage.,Gear Bags,Packs,http://www.westbranchangler.com/assetstore/site/images/items/120x120/simms_dry_creek_roll_top.jpg,http://www.westbranchangler.com/assetstore/site/images/items/325x325/simms_dry_creek_roll_top.jpg,http://www.westbranchangler.com/WBSFLRW109,49.95
WBSFASG,SUNGLOVES,SUNGLOVES,Maximum sun protection for your hands.,Gloves,Clothing,http://www.westbranchangler.com/assetstore/site/images/items/120x120/sungloves.jpg,http://www.westbranchangler.com/assetstore/site/images/items/325x325/sungloves.jpg,http://www.westbranchangler.com/WBSFASG,14.95
WBSFHFC108,FREESTONE® FOLDOVER MITTS ,FREESTONE® FOLDOVER MITTS ,Full coverage hand protection at a fantastic price.,Gloves,Clothing,http://www.westbranchangler.com/assetstore/site/images/items/120x120/simms_freestone_foldover_mitt.jpg,http://www.westbranchangler.com/assetstore/site/images/items/325x325/simms_freestone_foldover_mitt.jpg,http://www.westbranchangler.com/WBSFHFC108,24.95
WBSFHFT108,FREESTONE® HALF-FINGER GLOVE ,FREESTONE® HALF-FINGER GLOVE ,Economically priced protection,Gloves,Clothing,http://www.westbranchangler.com/assetstore/site/images/items/120x120/simms_freestone_half_finger_2009.jpg,http://www.westbranchangler.com/assetstore/site/images/items/325x325/simms_freestone_half_finger_2009.jpg,http://www.westbranchangler.com/WBSFHFT108,19.95
WBSFHTT107,TECH TWILL CAP ,TECH TWILL CAP ,Lightweight protection for your noggin.,Hats,Clothing,http://www.westbranchangler.com/assetstore/site/images/items/120x120/tech_twill_cap.jpg,http://www.westbranchangler.com/assetstore/site/images/items/325x325/tech_twill_cap.jpg,http://www.westbranchangler.com/WBSFHTT107,19.95
WBSFHTR108,TRUCKER CAP,TRUCKER CAP,Show your love of fishing from the river to the truck stop.,Hats,Clothing,http://www.westbranchangler.com/assetstore/site/images/items/120x120/trucker_hat.jpg,http://www.westbranchangler.com/assetstore/site/images/items/325x325/trucker_hat.jpg,http://www.westbranchangler.com/WBSFHTR108,14.95
WBSFHSS106,SOLAR SOMBRERO,SOLAR SOMBRERO,Our Solar Sombrero is made with 100% lightweight nylon with HT Teflon® treatment and features a wide brim. ,Hats,Clothing,http://www.westbranchangler.com/assetstore/site/images/items/120x120/solar_sombrero.jpg,http://www.westbranchangler.com/assetstore/site/images/items/325x325/solar_sombrero.jpg,http://www.westbranchangler.com/WBSFHSS106,29.95
WBSFHRH108,SUNSHIELD HAT ,SUNSHIELD HAT ,The longest bill available with a removable mesh-lined sun sheet.,Hats,Clothing,http://www.westbranchangler.com/assetstore/site/images/items/120x120/sunshield_hat.jpg,http://www.westbranchangler.com/assetstore/site/images/items/325x325/sunshield_hat.jpg,http://www.westbranchangler.com/WBSFHRH108,29.95
WBSFHMF108,MICROFIBER LONG BILL CAP,MICROFIBER LONG BILL CAP,Simms hats & caps - with varying bill lengths and sytles - provide critical sun protection and better visibility.,Hats,Clothing,http://www.westbranchangler.com/assetstore/site/images/items/120x120/microfiber_long_bill_cap.jpg,http://www.westbranchangler.com/assetstore/site/images/items/325x325/microfiber_long_bill_cap.jpg,http://www.westbranchangler.com/WBSFHMF108,24.95
WBSFHGE106,GORE-TEX® EXSTREAM™ HAT ,GORE-TEX® EXSTREAM™ HAT ,"This hat provides hardcore anglers with waterproof, breathable protection.",Hats,Clothing,http://www.westbranchangler.com/assetstore/site/images/items/120x120/gore-tex-extreme_hat.jpg,http://www.westbranchangler.com/assetstore/site/images/items/325x325/gore-tex-extreme_hat.jpg,http://www.westbranchangler.com/WBSFHGE106,49.95
WBSFHFS10,FOREST SERVICE CAP,FOREST SERVICE CAP,A great fitting stretch twill cotton cap in a traditional design,Hats,Clothing,http://www.westbranchangler.com/assetstore/site/images/items/120x120/forest_service_cap.jpg,http://www.westbranchangler.com/assetstore/site/images/items/325x325/forest_service_cap.jpg,http://www.westbranchangler.com/WBSFHFS10,19.95
WBSFHEB106,EXSTREAM™ BALACLAVA,EXSTREAM™ BALACLAVA,The new ExStream Balaclava is made from 200 series fleece and offers full head and neck coverage.,Hats,Clothing,http://www.westbranchangler.com/assetstore/site/images/items/120x120/extreme_balaclava.jpg,http://www.westbranchangler.com/assetstore/site/images/items/325x325/extreme_balaclava.jpg,http://www.westbranchangler.com/WBSFHEB106,29.95
WBSFASK,WINDSTOPPER® STOCKING CAP ,WINDSTOPPER® STOCKING CAP ,This WINDSTOPPER® hat offers 100% windproof protection. ,Hats,Clothing,http://www.westbranchangler.com/assetstore/site/images/items/120x120/simms_winstopper_hat_blue.jpg,http://www.westbranchangler.com/assetstore/site/images/items/325x325/simms_winstopper_hat_blue.jpg,http://www.westbranchangler.com/WBSFASK,24.95
WBSFASF50,SALTWATER FISHING HAT ,SALTWATER FISHING HAT ,"The Saltwater Fishing Hat has a large brim and stiff back flap for full coverage of face, ears and neck.",Hats,Clothing,http://www.westbranchangler.com/assetstore/site/images/items/120x120/simms_saltwater_fishing_hat_tan.jpg,http://www.westbranchangler.com/assetstore/site/images/items/325x325/simms_saltwater_fishing_hat_tan.jpg,http://www.westbranchangler.com/WBSFASF50,24.95
WBSFASC,SUNCLAVA™,SUNCLAVA™,Maximum sun protection for your neck and head.,Hats,Clothing,http://www.westbranchangler.com/assetstore/site/images/items/120x120/sunclava_hat.jpg,http://www.westbranchangler.com/assetstore/site/images/items/325x325/sunclava_hat.jpg,http://www.westbranchangler.com/WBSFASC,19.95
WBSFHFL109,FLAP CAP ,FLAP CAP ,A great cold weather cap provides full coverage and fits over your ball cap.,Hats, Equipment,http://www.westbranchangler.com/assetstore/site/images/items/120x120/flap_cap_large.jpg,http://www.westbranchangler.com/assetstore/site/images/items/325x325/flap_cap_large.jpg,http://www.westbranchangler.com/WBSFHFL109,24.95
WBSFH6P109,6-PANEL SHORT BILL CAP ,6-PANEL SHORT BILL CAP ,A great-looking cotton Simms ball cap. Black underside stops reflected light.,Hats,Clothing,http://www.westbranchangler.com/assetstore/site/images/items/120x120/simms_6_panel_sb_cap_orange.jpg,http://www.westbranchangler.com/assetstore/site/images/items/325x325/simms_6_panel_sb_cap_orange.jpg,http://www.westbranchangler.com/WBSFH6P109,16.95
WBSFH8P109,8-PANEL LONG BILL CAP,8-PANEL LONG BILL CAP,Stylish and functional. ,Hats,Clothing,http://www.westbranchangler.com/assetstore/site/images/items/120x120/8_panel_long_billed_cap2009.jpg.png,http://www.westbranchangler.com/assetstore/site/images/items/325x325/8_panel_long_billed_cap2009.jpg.png,http://www.westbranchangler.com/WBSFH8P109,19.95
WBSFHFH109,FISHING HAT,FISHING HAT,Lightweight and cool for comfortable wear in warm-weather fishing. ,Hats,New,http://www.westbranchangler.com/assetstore/site/images/items/120x120/simms_fishing_hat_2009.jpg,http://www.westbranchangler.com/assetstore/site/images/items/325x325/simms_fishing_hat_2009.jpg,http://www.westbranchangler.com/WBSFHFH109,24.95
WBSFHMF109,MICROFIBER SHORT BILL CAP ,MICROFIBER SHORT BILL CAP ,Same lightweight fabric as the long bill cap in a 6-panel style with a flat front and short bill. ,Hats,Clothing,http://www.westbranchangler.com/assetstore/site/images/items/120x120/simms_microfiber_sb_cap_navy.jpg,http://www.westbranchangler.com/assetstore/site/images/items/325x325/simms_microfiber_sb_cap_navy.jpg,http://www.westbranchangler.com/WBSFHMF109,19.95
WBSFHWC109,WAXED CANVAS CAP,WAXED CANVAS CAP,Simms hats & caps - with varying bill lengths and sytles - provide crtical sun protection and better visibility. ,Hats,New,http://www.westbranchangler.com/assetstore/site/images/items/120x120/simms_waxed_canvas_cap_2009.jpg,http://www.westbranchangler.com/assetstore/site/images/items/325x325/simms_waxed_canvas_cap_2009.jpg,http://www.westbranchangler.com/WBSFHWC109,19.95
WBSFLWC110,WADERWICK™ CREW TOP,WADERWICK™ CREW TOP,Stay dry and warm in all weather with this comfortable next-to-skin baselayer. A very technical top for a really great price. ,Layering,Clothing,http://www.westbranchangler.com/assetstore/site/images/items/120x120/simms_waderwick_crew_top_grey.jpg,http://www.westbranchangler.com/assetstore/site/images/items/325x325/simms_waderwick_crew_top_grey.jpg,http://www.westbranchangler.com/WBSFLWC110,29.95
WBSFLRT110,RIVERTEK™ TOP,RIVERTEK™ TOP,Updated with new colors - our award winning RiverTek™ Top is the perfect layer for almost every season. ,Layering,Clothing,http://www.westbranchangler.com/assetstore/site/images/items/120x120/simms_rivertek_zip_top_gunmetal.jpg,http://www.westbranchangler.com/assetstore/site/images/items/325x325/simms_rivertek_zip_top_gunmetal.jpg,http://www.westbranchangler.com/WBSFLRT110,79.95
WBSFLRS110,RIVERSHED™ SWEATER,RIVERSHED™ SWEATER,An excellent technical layering option for colder days on the river - it also doubles as a comfortable outer layer for casual wear.,Layering,Clothing,http://www.westbranchangler.com/assetstore/site/images/items/120x120/simms_rivershed_sweater_moss.jpg,http://www.westbranchangler.com/assetstore/site/images/items/325x325/simms_rivershed_sweater_moss.jpg,http://www.westbranchangler.com/WBSFLRS110,129.95
WBSFLWB108,WADERWICK™ BOTTOM,WADERWICK™ BOTTOM,Stay dry and warm in all weather with this comfortable next-to-skin baselayer. A very technical top for a really great price.,Layering,Clothing,http://www.westbranchangler.com/assetstore/site/images/items/120x120/waderwick_bottom.jpg,http://www.westbranchangler.com/assetstore/site/images/items/325x325/waderwick_bottom.jpg,http://www.westbranchangler.com/WBSFLWB108,29.95
WBSFLSP10864,GUIDE FLEECE PANT,GUIDE FLEECE PANT,"Exceptionally warm, comfortable fleece-ideal for wearing under our waders in the coldest conditions.",Layering,Clothing,http://www.westbranchangler.com/assetstore/site/images/items/120x120/guide_fleece_pant_large.jpg,http://www.westbranchangler.com/assetstore/site/images/items/325x325/guide_fleece_pant_large.jpg,http://www.westbranchangler.com/WBSFLSP10864,99.95
WBSFLMT10,WADERWICK™ FLEECE TOP,WADERWICK™ FLEECE TOP,Our WaderWick fleece layers keep you warm on those cold fishing days.,Layering,Clothing,http://www.westbranchangler.com/assetstore/site/images/items/120x120/simms_waderwick_fleece_top.jpg,http://www.westbranchangler.com/assetstore/site/images/items/325x325/simms_waderwick_fleece_top.jpg,http://www.westbranchangler.com/WBSFLMT10,49.95
WBSFLMB10,WADERWICK™ FLEECE PANT ,WADERWICK™ FLEECE PANT ,Our WaderWick™ fleece layers keep you warm on those cold fishing days. ,Layering,Clothing,http://www.westbranchangler.com/assetstore/site/images/items/120x120/waderwick_fleece_pant_large.jpg,http://www.westbranchangler.com/assetstore/site/images/items/325x325/waderwick_fleece_pant_large.jpg,http://www.westbranchangler.com/WBSFLMB10,49.95
WBSFLRB108,RIVERTEK™ BOTTOM,RIVERTEK™ BOTTOM,We've made an update to a long-standing baselayer favorite - our RiverTek™ Bottoms offer function and performance features that are ideally suited for fishing.,Layering,Clothing,http://www.westbranchangler.com/assetstore/site/images/items/120x120/simms_rivertek_bottom_black.jpg,http://www.westbranchangler.com/assetstore/site/images/items/325x325/simms_rivertek_bottom_black.jpg,http://www.westbranchangler.com/WBSFLRB108,69.95
WBSFLDD109,DRY CREEK™ DUFFEL MEDIUM ,DRY CREEK™ DUFFEL MEDIUM ,"Made with the highest quality materials, these waterproof bags are available in small, medium or large sizes. ",Luggage,Bags,http://www.westbranchangler.com/assetstore/site/images/items/120x120/simms_drycreek_duffel_medium_orange.jpg,http://www.westbranchangler.com/assetstore/site/images/items/325x325/simms_drycreek_duffel_medium_orange.jpg,http://www.westbranchangler.com/WBSFLDD109,169.95
WBSFDR0,REVIVEX,REVIVEX,Revivex will bring your old gore-tex jacket back to its great breathable self.,Maintenance,Accessories,http://www.westbranchangler.com/assetstore/site/images/items/120x120/revivex_large.jpg,http://www.westbranchangler.com/assetstore/site/images/items/325x325/revivex_large.jpg,http://www.westbranchangler.com/WBSFDR0,14.95
WBSFD06,GORE-TEX® REPAIR KIT,GORE-TEX® REPAIR KIT,The same great kit that you find with each pair of US made Simms waders,Maintenance,Accessories,http://www.westbranchangler.com/assetstore/site/images/items/120x120/goretex_repair_kit.jpg,http://www.westbranchangler.com/assetstore/site/images/items/325x325/goretex_repair_kit.jpg,http://www.westbranchangler.com/WBSFD06,5.95
WBSFARE,RETRACTOR,RETRACTOR,"Designed to withstand years of abuse, our retractor will keep tools like nippers, forceps and hook hones right at hand. ",Misc,Accessories,http://www.westbranchangler.com/assetstore/site/images/items/120x120/retractor.jpg,http://www.westbranchangler.com/assetstore/site/images/items/325x325/retractor.jpg,http://www.westbranchangler.com/WBSFARE,7.95
WBSFAFP,SUPER-FLY PATCH ,SUPER-FLY PATCH ,You can add/replace this fly patch to many of Simm's products,Misc,Accessories,http://www.westbranchangler.com/assetstore/site/images/items/120x120/super_fly_patch.jpg,http://www.westbranchangler.com/assetstore/site/images/items/325x325/super_fly_patch.jpg,http://www.westbranchangler.com/WBSFAFP,4.95
WBSFABO,THIRSTY TROUT BOTTLE OPENER,THIRSTY TROUT BOTTLE OPENER,"What more could an avid angler ask for? Get one for your boat, your vest, and your fishing buddy!",Misc,Accessories,http://www.westbranchangler.com/assetstore/site/images/items/120x120/simms_trout_bottle_opener.jpg,http://www.westbranchangler.com/assetstore/site/images/items/325x325/simms_trout_bottle_opener.jpg,http://www.westbranchangler.com/WBSFABO,5.95
WBSFRA,IN-VEST™ JACKET,IN-VEST™ JACKET,"This waterproof windbreaker packs down to fit in a vest pocket. Super lightweight, convenient protection.",Outerwear,Clothing,http://www.westbranchangler.com/assetstore/site/images/items/120x120/invest_jacket_large.jpg,http://www.westbranchangler.com/assetstore/site/images/items/325x325/invest_jacket_large.jpg,http://www.westbranchangler.com/WBSFRA,99.95
WBSFOWV10,WINDSTOPPER® DL VEST ,WINDSTOPPER® DL VEST ,"The ultimate in fleece, our DL Vest is a long-time favorite.",Outerwear,Clothing,http://www.westbranchangler.com/assetstore/site/images/items/120x120/windstopper_dl_vest_large.jpg,http://www.westbranchangler.com/assetstore/site/images/items/325x325/windstopper_dl_vest_large.jpg,http://www.westbranchangler.com/WBSFOWV10,149.95
WBSFOWS110,WINDSTOPPER® SOFTSHELL JACKET,WINDSTOPPER® SOFTSHELL JACKET,The protection of a shell with the soft comfort and warmth of a mid-layer. ,Outerwear,Clothing,http://www.westbranchangler.com/assetstore/site/images/items/120x120/WBSFOWS110.jpg,http://www.westbranchangler.com/assetstore/site/images/items/325x325/WBSFOWS110.jpg,http://www.westbranchangler.com/WBSFOWS110,199.95
WBSFOWJ10,WINDSTOPPER® DL JACKET,WINDSTOPPER® DL JACKET,"The ultimate in fishing fleece - warm, comfortable and water-resistant.",Outerwear,Clothing,http://www.westbranchangler.com/assetstore/site/images/items/120x120/winstopper_dl_loden_large.jpg,http://www.westbranchangler.com/assetstore/site/images/items/325x325/winstopper_dl_loden_large.jpg,http://www.westbranchangler.com/WBSFOWJ10,199.95
WBSFOWG10,WOMEN'S GORE-TEX® JACKET ,WOMEN'S GORE-TEX® JACKET ,Our first women's jacket and our first featuring GORE-TEX® Soft Shell fabric. Every detail - from the fabric to the fit - is dialed for women anglers.,Outerwear,Clothing,http://www.westbranchangler.com/assetstore/site/images/items/120x120/womens_goretex_jacket.jpg,http://www.westbranchangler.com/assetstore/site/images/items/325x325/womens_goretex_jacket.jpg,http://www.westbranchangler.com/WBSFOWG10,379.95
WBSFORS10,RIVERSHED™ WADING JACKET ,RIVERSHED™ WADING JACKET ,The Rivershed is our lightest full-featured GORE-TEX® jacket. ,Outerwear,Clothing,http://www.westbranchangler.com/assetstore/site/images/items/120x120/rivershed_wading_jacket_large.jpg,http://www.westbranchangler.com/assetstore/site/images/items/325x325/rivershed_wading_jacket_large.jpg,http://www.westbranchangler.com/WBSFORS10,279.95
WBSFOGG10,G4 PRO™ JACKET ,G4 PRO™ JACKET ,The next generation in rain jackets - the G4 Pro Jacket is our most technical jacket and features GORE-TEX® Pro Shell fabric for incredible performance and durability.,Outerwear,Clothing,http://www.westbranchangler.com/assetstore/site/images/items/120x120/g4_pro_jack_large.jpg,http://www.westbranchangler.com/assetstore/site/images/items/325x325/g4_pro_jack_large.jpg,http://www.westbranchangler.com/WBSFOGG10,449.95
WBSFOCG109,GUIDE JACKET,GUIDE JACKET,An update to an old favorite - this jacket offers a clean design with the technical performance of comfort mapping for Extreme Wet Weather protection and core insulation. ,Outerwear, Equipment,http://www.westbranchangler.com/assetstore/site/images/items/120x120/WBSFOCG109.jpg,http://www.westbranchangler.com/assetstore/site/images/items/325x325/WBSFOCG109.jpg,http://www.westbranchangler.com/WBSFOCG109,349.95
WBSFOFJ10,FREESTONE® JACKET,FREESTONE® JACKET,This rain jackets offers waterproof protection and outstanding Simms quality - all for a great price. ,Outerwear,Clothing,http://www.westbranchangler.com/assetstore/site/images/items/120x120/simms_freestone_jacket_slate.jpg,http://www.westbranchangler.com/assetstore/site/images/items/325x325/simms_freestone_jacket_slate.jpg,http://www.westbranchangler.com/WBSFOFJ10,199.95
WBSFRJ,G3 GUIDE JACKET ,G3 GUIDE JACKET ,"Like our G3 waders, the G3 Guide jacket is the finest product of its kind you can purchase. ",Outerwear,Clothing,http://www.westbranchangler.com/assetstore/site/images/items/120x120/simms_g3_jacket_loden.jpg,http://www.westbranchangler.com/assetstore/site/images/items/325x325/simms_g3_jacket_loden.jpg,http://www.westbranchangler.com/WBSFRJ,399.95
WBSFOPJ109,GORE-TEX® PACLITE® JACKET,GORE-TEX® PACLITE® JACKET,"Extremely lightweight, waterproof, and breathable. Great for boat fishing, casual situations or other outdoor activities. ",Outerwear,Clothing,http://www.westbranchangler.com/assetstore/site/images/items/120x120/simms_goretex_paclite_jacket_blue.jpg,http://www.westbranchangler.com/assetstore/site/images/items/325x325/simms_goretex_paclite_jacket_blue.jpg,http://www.westbranchangler.com/WBSFOPJ109,249.95
WBSFOPP109,GORE-TEX® PACLITE® RAIN PANT,GORE-TEX® PACLITE® RAIN PANT,"A super light, super packable pant featuring the latest GORE-TEX® Paclite® fabric technology. ",Outerwear,Clothing,http://www.westbranchangler.com/assetstore/site/images/items/120x120/simms_goretex_paclite_pant_blue.jpg,http://www.westbranchangler.com/assetstore/site/images/items/325x325/simms_goretex_paclite_pant_blue.jpg,http://www.westbranchangler.com/WBSFOPP109,199.95
WBSFOWH110,WINDSTOPPER® SOFTSHELL HOODY,WINDSTOPPER® SOFTSHELL HOODY,"After years of requests, the Hoody makes the line-up of Simms technical outerwear. This jacket is destined to become one of your favorite WINDSTOPPER® pieces.",Outerwear,Clothing,http://www.westbranchangler.com/assetstore/site/images/items/120x120/windstopper_softshell_jacket_black.jpg,http://www.westbranchangler.com/assetstore/site/images/items/325x325/windstopper_softshell_jacket_black.jpg,http://www.westbranchangler.com/WBSFOWH110,219.95
WBSFPDA109,DRY CREEK™ CAMERA BAG ,DRY CREEK™ CAMERA BAG ,Don't let wet conditions keep you from getting the shot of a lifetime. ,Packs, Equipment,http://www.westbranchangler.com/assetstore/site/images/items/120x120/simms_drycreek_camera_bag_2009.jpg,http://www.westbranchangler.com/assetstore/site/images/items/325x325/simms_drycreek_camera_bag_2009.jpg,http://www.westbranchangler.com/WBSFPDA109,39.95
WBSFPDB109,DRY CREEK™ DAY PACK ,DRY CREEK™ DAY PACK ,"More than just a great fitting day pack, it easily converts into a multi-functional fishing system by attaching one of our Dry Creek™ or Headwaters™ packs.",Packs, Equipment,http://www.westbranchangler.com/assetstore/site/images/items/120x120/simms_drycreek_day_pack.jpg,http://www.westbranchangler.com/assetstore/site/images/items/325x325/simms_drycreek_day_pack.jpg,http://www.westbranchangler.com/WBSFPDB109,129.95
WBSFPDC109,DRY CREEK™ CHEST PACK,DRY CREEK™ CHEST PACK,"Attach this minimalist bag to our Dry Creek™ or Headwaters™ packs or wear it solo one of our belts for 384 cubic inches of water-resistant, durable storage.",Packs, Equipment,http://www.westbranchangler.com/assetstore/site/images/items/120x120/simms_dry_creek_chest_pack_2009.jpg,http://www.westbranchangler.com/assetstore/site/images/items/325x325/simms_dry_creek_chest_pack_2009.jpg,http://www.westbranchangler.com/WBSFPDC109,79.95
WBSFPDH109,DRY CREEK™ HIP PACK,DRY CREEK™ HIP PACK,You won’t even feel this body-hugging pack whether you’re crossing a dicey string creek or casting off a drift boat. ,Packs, Equipment,http://www.westbranchangler.com/assetstore/site/images/items/120x120/simms_dry_creek_chest_hip_pack.jpg,http://www.westbranchangler.com/assetstore/site/images/items/325x325/simms_dry_creek_chest_hip_pack.jpg,http://www.westbranchangler.com/WBSFPDH109,99.95
WBSFPFP109,DRY CREEK™ FLATS PACK ,DRY CREEK™ FLATS PACK ,"Built to protect your necessities from saltwater corrosion, this straightforward design wears on your waist or as a sling pack. A simple, weatherproof storage system.",Packs, Equipment,http://www.westbranchangler.com/assetstore/site/images/items/120x120/simms_dry_creek _flats_pack.jpg,http://www.westbranchangler.com/assetstore/site/images/items/325x325/simms_dry_creek _flats_pack.jpg,http://www.westbranchangler.com/WBSFPFP109,89.95
WBSFPGB109,DRY CREEK™ GUIDE BACKPACK ,DRY CREEK™ GUIDE BACKPACK ,Pick this high storage pack off the luggage carousel and carry it through a storm knowing that all of the gear you packed will stay as dry as when you packed it.,Packs, Equipment,http://www.westbranchangler.com/assetstore/site/images/items/120x120/simms_drycreek_guide_backpack_2009.jpg,http://www.westbranchangler.com/assetstore/site/images/items/325x325/simms_drycreek_guide_backpack_2009.jpg,http://www.westbranchangler.com/WBSFPGB109,189.95
WBSFPHC109,HEADWATERS™ CHEST PACK ,HEADWATERS™ CHEST PACK ,"Our chest pack keeps your fly boxes and tools right where you need them without getting in the way of a cast. Attach this to the front or back of our Headwatersâ„¢ Backpack or Day Pack for easy access, or wear it alone for a light easy-to-reach gear kit.",Packs, Equipment,http://www.westbranchangler.com/assetstore/site/images/items/120x120/headwaters_chest_pack.jpg,http://www.westbranchangler.com/assetstore/site/images/items/325x325/headwaters_chest_pack.jpg,http://www.westbranchangler.com/WBSFPHC109,69.95
WBSFPHH109,HEADWATERS™ CHEST/HIP PACK ,HEADWATERS™ CHEST/HIP PACK ,"Built to withstand the rigors of fresh or saltwater fishing, this versatile bag offers 440 cubic inches of storage and weighs only 19.2 ounces.",Packs, Equipment,http://www.westbranchangler.com/assetstore/site/images/items/120x120/simms_headwaters_chect_hip_pack.jpg,http://www.westbranchangler.com/assetstore/site/images/items/325x325/simms_headwaters_chect_hip_pack.jpg,http://www.westbranchangler.com/WBSFPHH109,79.95
WBSFPHP109,HEADWATERS™ DAY PACK,HEADWATERS™ DAY PACK,"Head out for a day on the water, on a trail, or to the airport with 1,760 cubic inches of durable, ergonomic storage. Easily combine our Headwaters Chest Pack to the front to add an additional 300 cubic inches of out-of-the-way, accessible space.",Packs, Equipment,http://www.westbranchangler.com/assetstore/site/images/items/120x120/simms_headwaters_day_pack.jpg,http://www.westbranchangler.com/assetstore/site/images/items/325x325/simms_headwaters_day_pack.jpg,http://www.westbranchangler.com/WBSFPHP109,119.95
WBSFPHS109,HEADWATERS™ SLING PACK ,HEADWATERS™ SLING PACK ,"This no-nonsense pack gives you easy access to tippets, flies and tools and then swivels out of the way so you can quickly get back to fishing.",Packs, Equipment,http://www.westbranchangler.com/assetstore/site/images/items/120x120/simms_headwaters_sling_pack.jpg,http://www.westbranchangler.com/assetstore/site/images/items/325x325/simms_headwaters_sling_pack.jpg,http://www.westbranchangler.com/WBSFPHS109,59.95
WBSFPHW109,HEADWATERS™ WAIST PACK,HEADWATERS™ WAIST PACK,"Designed to carry a lot of gear and fit great when it's packed full, you'll wear it on the boat, the river and as a carry-on while traveling.",Packs, Equipment,http://www.westbranchangler.com/assetstore/site/images/items/120x120/simms_headwaters_waist_pack.jpg,http://www.westbranchangler.com/assetstore/site/images/items/325x325/simms_headwaters_waist_pack.jpg,http://www.westbranchangler.com/WBSFPHW109,99.95
WBSFPRP109,DRY CREEK™ ROLLTOP BACKPACK ,DRY CREEK™ ROLLTOP BACKPACK ,"Just toss our super tough 1,365 cubic inch pack into the boat and forget about it. Well placed access points make it simple to find your gear, and easily add-on our Dry Creek™ and Headwaters™ packs when needed.",Packs, Equipment,http://www.westbranchangler.com/assetstore/site/images/items/120x120/simms_dry_creek_roll_top_backpack.jpg,http://www.westbranchangler.com/assetstore/site/images/items/325x325/simms_dry_creek_roll_top_backpack.jpg,http://www.westbranchangler.com/WBSFPRP109,149.95
WBSFPRT110,HEADWATERS™ SINGLE ROD TUBE 4 PIECE,HEADWATERS™ SINGLE ROD TUBE 4 PIECE,"Same rod tube design as the double, but offered for single reel-on/rod storage. Save time and protect your investments. ",Packs, Equipment,http://www.westbranchangler.com/assetstore/site/images/items/120x120/WBSFPRT110.jpg,http://www.westbranchangler.com/assetstore/site/images/items/325x325/WBSFPRT110.jpg,http://www.westbranchangler.com/WBSFPRT110,69.95
WBSFPRT210,HEADWATERS™ DOUBLE ROD TUBE 4 PIECE,HEADWATERS™ DOUBLE ROD TUBE 4 PIECE,"Same rod tube as the single, but offered for double reel-on/rod storage. Save time and protect your investments. ",Packs, Equipment,http://www.westbranchangler.com/assetstore/site/images/items/120x120/WBSFPRT210.jpg,http://www.westbranchangler.com/assetstore/site/images/items/325x325/WBSFPRT210.jpg,http://www.westbranchangler.com/WBSFPRT210,89.95
WBSFPRT310,HEADWATERS™ SINGLE ROD TUBE 2 PIECE ,HEADWATERS™ SINGLE ROD TUBE 2 PIECE ,"Same rod tube design as the double, but offered for single reel-on/rod storage. Save time and protect your investments. ",Packs, Equipment,http://www.westbranchangler.com/assetstore/site/images/items/120x120/WBSFPRT310.jpg,http://www.westbranchangler.com/assetstore/site/images/items/325x325/WBSFPRT310.jpg,http://www.westbranchangler.com/WBSFPRT310,79.95
WBSFPRT410,HEADWATERS™ DOUBLE ROD TUBE 2 PIECE ,HEADWATERS™ DOUBLE ROD TUBE 2 PIECE ,"Same rod tube design as the single, but offered for double reel-on/rod storage. Save time and protect your investments. ",Packs, Equipment,http://www.westbranchangler.com/assetstore/site/images/items/120x120/WBSFPRT410.jpg,http://www.westbranchangler.com/assetstore/site/images/items/325x325/WBSFPRT410.jpg,http://www.westbranchangler.com/WBSFPRT410,99.95
WBSFMS406,SPORT CREW SOCKS ,SPORT CREW SOCKS ,A lighter version than the Simms Wading Socks. Great for all-around use.,Socks,Clothing,http://www.westbranchangler.com/assetstore/site/images/items/120x120/sport_crew_socks.jpg,http://www.westbranchangler.com/assetstore/site/images/items/325x325/sport_crew_socks.jpg,http://www.westbranchangler.com/WBSFMS406,16.95
WBSFANS,NEOPRENE WADING SOCKS ,NEOPRENE WADING SOCKS ,Ideal to wear with our wading sandals when fishing cold rivers on hot days,Socks,Clothing,http://www.westbranchangler.com/assetstore/site/images/items/120x120/simms_neoprene_wading_sock_grey.jpg,http://www.westbranchangler.com/assetstore/site/images/items/325x325/simms_neoprene_wading_sock_grey.jpg,http://www.westbranchangler.com/WBSFANS,19.95
WBSFHIC109,BOOT SOCK 2-PACK,BOOT SOCK 2-PACK,"Never run short on socks when you are packing for your trip to Alaska. A great value - technical, durable, comfortable and convenient.",Socks,Clothing,http://www.westbranchangler.com/assetstore/site/images/items/120x120/simms_boot_socks_2009.jpg,http://www.westbranchangler.com/assetstore/site/images/items/325x325/simms_boot_socks_2009.jpg,http://www.westbranchangler.com/WBSFHIC109,19.95
WBSFHIE109,EXSTREAM™ SOCKS,EXSTREAM™ SOCKS,The heaviest sock available from Simms. A must for cold-weather fishing.,Socks,Clothing,http://www.westbranchangler.com/assetstore/site/images/items/120x120/extreme_wading_socks_2009.jpg,http://www.westbranchangler.com/assetstore/site/images/items/325x325/extreme_wading_socks_2009.jpg,http://www.westbranchangler.com/WBSFHIE109,24.95
WBSFHIL209,LINER SOCK ,LINER SOCK ,"Updated for 2009, our Liner Socks feature polypropylene for excellent wicking and X-Static nylon to eliminate foot odor. Wear under wading socks for added warmth.",Socks,Clothing,http://www.westbranchangler.com/assetstore/site/images/items/120x120/simms_waderwick_liner_sock.jpg,http://www.westbranchangler.com/assetstore/site/images/items/325x325/simms_waderwick_liner_sock.jpg,http://www.westbranchangler.com/WBSFHIL209,8.95
WBSFHIP109,BOOT SOCK/LINER COMBO ,BOOT SOCK/LINER COMBO ,"This affordable, functional pack combines two of our top performers, the Boot Sock and the Liner Sock. You'll have wicking and anti-odor performance with terrific insulation.",Socks,Clothing,http://www.westbranchangler.com/assetstore/site/images/items/120x120/simms_boot_socks_lineer_combo2009.jpg,http://www.westbranchangler.com/assetstore/site/images/items/325x325/simms_boot_socks_lineer_combo2009.jpg,http://www.westbranchangler.com/WBSFHIP109,19.95
WBSFHIS109,SIMMS WADING SOCKS ,SIMMS WADING SOCKS ,"A warm, comfortable sock that absorbs moisture. Great for wearing with waders with a durable, comfortable fit. ",Socks,Clothing,http://www.westbranchangler.com/assetstore/site/images/items/120x120/simms_wading_sock_2009.jpg,http://www.westbranchangler.com/assetstore/site/images/items/325x325/simms_wading_sock_2009.jpg,http://www.westbranchangler.com/WBSFHIS109,19.95
WBSFHIW109,WET WADING SOCKS,WET WADING SOCKS,"Redesigned to offer more support, cushion, durability and comfort. Designed to fold over our Flats Sneaker or wading boots to filter out sand and mud.",Socks,Clothing,http://www.westbranchangler.com/assetstore/site/images/items/120x120/simms_wet_wading_socks.jpg,http://www.westbranchangler.com/assetstore/site/images/items/325x325/simms_wet_wading_socks.jpg,http://www.westbranchangler.com/WBSFHIW109,19.95
WBSFCVG210,HEADWATERS™ SHIRT,HEADWATERS™ SHIRT,A shirt that works hard for those who fish hard. This shirt is great on the flats in Islamorada and in a driftboat floating the Missouri.,Sportswear,Clothing,http://www.westbranchangler.com/assetstore/site/images/items/120x120/simms_headwaters_shirt_grey.jpg,http://www.westbranchangler.com/assetstore/site/images/items/325x325/simms_headwaters_shirt_grey.jpg,http://www.westbranchangler.com/WBSFCVG210,49.95
WBSFCKS110,GUIDE SHIRT,GUIDE SHIRT,"An angler favorite, our Guide Shirt sports a new look for 2009 with the outstanding performance features of COR3 Technology and the comfort of cotton.",Sportswear,Clothing,http://www.westbranchangler.com/assetstore/site/images/items/120x120/simms_guide_shirt_blue.jpg,http://www.westbranchangler.com/assetstore/site/images/items/325x325/simms_guide_shirt_blue.jpg,http://www.westbranchangler.com/WBSFCKS110,59.95
WBSFCMS110,3XDRY® ESSEX SHIRT ,3XDRY® ESSEX SHIRT ,"Crafted from 100% performance cotton, the Essex combines casual-shirt comfort and fishing-shirt performance.",Sportswear,Clothing,http://www.westbranchangler.com/assetstore/site/images/items/120x120/simms_essex_shirt_blue.jpg,http://www.westbranchangler.com/assetstore/site/images/items/325x325/simms_essex_shirt_blue.jpg,http://www.westbranchangler.com/WBSFCMS110,69.95
WBSFCMS109,RIVERSIDE CHECK SHIRT,RIVERSIDE CHECK SHIRT,"Wear our Riverside Check Shirt from a meeting, to the plane, and onto the water for a day of bonefishing. ",Sportswear,Clothing,http://www.westbranchangler.com/assetstore/site/images/items/120x120/simms_riverside_check_shirt_blue.jpg,http://www.westbranchangler.com/assetstore/site/images/items/325x325/simms_riverside_check_shirt_blue.jpg,http://www.westbranchangler.com/WBSFCMS109,69.95
WBSFCSE10,CURRIER SALTWATER T-SHIRT SERIES,CURRIER SALTWATER T-SHIRT SERIES,"Simms quality technical t's featuring fish illustrations by Jeff Currier, artist and passionate angler.",Sportswear,Clothing,http://www.westbranchangler.com/assetstore/site/images/items/120x120/simms_tee_striper.jpeg,http://www.westbranchangler.com/assetstore/site/images/items/325x325/simms_tee_striper.jpeg,http://www.westbranchangler.com/WBSFCSE10,29.95
WBSFCSD10,,,"Simms quality technical t's featuring fish illustrations by Jeff Currier, artist and passionate angler.",Sportswear,Clothing,http://www.westbranchangler.com/assetstore/site/images/items/120x120/simms_tee_snook.jpeg,http://www.westbranchangler.com/assetstore/site/images/items/325x325/simms_tee_snook.jpeg,http://www.westbranchangler.com/WBSFCSD10,29.95
WBSFCSC10,,,"Simms quality technical t's featuring fish illustrations by Jeff Currier, artist and passionate angler.",Sportswear,Clothing,http://www.westbranchangler.com/assetstore/site/images/items/120x120/simms_tee_rooster.jpeg,http://www.westbranchangler.com/assetstore/site/images/items/325x325/simms_tee_rooster.jpeg,http://www.westbranchangler.com/WBSFCSC10,29.95
WBSFCSB10,,,"Simms quality technical t's featuring fish illustrations by Jeff Currier, artist and passionate angler.",Sportswear,Clothing,http://www.westbranchangler.com/assetstore/site/images/items/120x120/simms_tee_redfish.jpeg,http://www.westbranchangler.com/assetstore/site/images/items/325x325/simms_tee_redfish.jpeg,http://www.westbranchangler.com/WBSFCSB10,29.95
WBSFCSA10,,,"Simms quality technical t's featuring fish illustrations by Jeff Currier, artist and passionate angler.",Sportswear,Clothing,http://www.westbranchangler.com/assetstore/site/images/items/120x120/simms_tee_permit.jpeg,http://www.westbranchangler.com/assetstore/site/images/items/325x325/simms_tee_permit.jpeg,http://www.westbranchangler.com/WBSFCSA10,29.95
WBSFCMS108,,,"Crafted from 100% performance cotton, the Essex combines casual-shirt comfort and fishing-shirt performance.",Sportswear,Clothing,http://www.westbranchangler.com/assetstore/site/images/items/120x120/essex_shirt_large.jpg,http://www.westbranchangler.com/assetstore/site/images/items/325x325/essex_shirt_large.jpg,http://www.westbranchangler.com/WBSFCMS108,69.95
WBSFCF,CURRIER FRESHWATER T-SHIRT SERIES,CURRIER FRESHWATER T-SHIRT SERIES,"Simms quality technical t's featuring fish illustrations by Jeff Currier, artist and passionate angler.",Sportswear,Clothing,http://www.westbranchangler.com/assetstore/site/images/items/120x120/currier_freshwater_t-shirt_series.jpg,http://www.westbranchangler.com/assetstore/site/images/items/325x325/currier_freshwater_t-shirt_series.jpg,http://www.westbranchangler.com/WBSFCF,24.95
WBSFALW,NYLON WEB BELT - ELLIPSE BUCKLE,NYLON WEB BELT - ELLIPSE BUCKLE,"A perennial best seller, our 100% nylon belt is available in a range of color and pattern choices. Buckle features an engraved Simms fish. ",Sportswear,Clothing,http://www.westbranchangler.com/assetstore/site/images/items/120x120/WBSFALW.jpg,http://www.westbranchangler.com/assetstore/site/images/items/325x325/WBSFALW.jpg,http://www.westbranchangler.com/WBSFALW,16.95
WBSFCCS109,STRIPER CHECK SHIRT,STRIPER CHECK SHIRT,It's a great looking shirt in a functional design combined with performance cotton. ,Sportswear,Clothing,http://www.westbranchangler.com/assetstore/site/images/items/120x120/simms_striper_check_shirt_orange.jpg,http://www.westbranchangler.com/assetstore/site/images/items/325x325/simms_striper_check_shirt_orange.jpg,http://www.westbranchangler.com/WBSFCCS109,69.95
WBSFCDY,DEYOUNG T-SHIRT SERIES,DEYOUNG T-SHIRT SERIES,"Derek DeYoung, one of three featured artists in the 2009 Simms T-shirt collection, offers a contemporary style to fish illustrations. The vibrant colors and unique style of his art pop off of the white t-shirt. The perfect addition to any angler's closet.",Sportswear,Clothing,http://www.westbranchangler.com/assetstore/site/images/items/120x120/simms_deyoung_pheasant_tail.jpg,http://www.westbranchangler.com/assetstore/site/images/items/325x325/simms_deyoung_pheasant_tail.jpg,http://www.westbranchangler.com/WBSFCDY,24.95
WBSFCGS109,GUIDE SHORT ,GUIDE SHORT ,"Redesigned with an updated look and more storage. Like the Guide Pants, these quick-drying shorts offer functional performance in a comfortable fit.",Sportswear,Clothing,http://www.westbranchangler.com/assetstore/site/images/items/120x120/simms_guide_short_khaki.jpg,http://www.westbranchangler.com/assetstore/site/images/items/325x325/simms_guide_short_khaki.jpg,http://www.westbranchangler.com/WBSFCGS109,49.95
WBSFCHD109,SOLARFLEX® HOODY ,SOLARFLEX® HOODY ,"Designed specifically for hard-core flats guides, this shirt strikes the perfect balance between lightweight high-tech performance and uncompromising sun protection.",Sportswear,Clothing,http://www.westbranchangler.com/assetstore/site/images/items/120x120/simms_solarflex_hoody_lt_green.jpg,http://www.westbranchangler.com/assetstore/site/images/items/325x325/simms_solarflex_hoody_lt_green.jpg,http://www.westbranchangler.com/WBSFCHD109,59.95
WBSFCLT110,TOURNAMENT SHIRT,TOURNAMENT SHIRT,A 100% cotton fishing shirt designed for masters and aspiring anglers alike. ,Sportswear,Clothing,http://www.westbranchangler.com/assetstore/site/images/items/120x120/simms_tournament_shirt_lt_blue.jpg,http://www.westbranchangler.com/assetstore/site/images/items/325x325/simms_tournament_shirt_lt_blue.jpg,http://www.westbranchangler.com/WBSFCLT110,39.95
WBSFCPF109,SOLARFLEX® SHIRT,SOLARFLEX® SHIRT,"100% protection and technical performance in a shirt so comfortable and light, you'll hardly know you're wearing anything. ",Sportswear,Clothing,http://www.westbranchangler.com/assetstore/site/images/items/120x120/simms_solarflex_shirt_lt_blue.jpg,http://www.westbranchangler.com/assetstore/site/images/items/325x325/simms_solarflex_shirt_lt_blue.jpg,http://www.westbranchangler.com/WBSFCPF109,49.95
WBSFCPS109,TROUT POLO,TROUT POLO,"Redesigned with our lightweight 100% Performance Cotton Pique fabric, this casual favorite will become your standard summer everyday wear.",Sportswear,Clothing,http://www.westbranchangler.com/assetstore/site/images/items/120x120/simms_trout_polo_lt_khaki.jpg,http://www.westbranchangler.com/assetstore/site/images/items/325x325/simms_trout_polo_lt_khaki.jpg,http://www.westbranchangler.com/WBSFCPS109,39.95
WBSFCSH109,SUPERLIGHT SHORT,SUPERLIGHT SHORT,"The same lightweight, technical advantages and features as the Superlight Zip-Off Pant. ",Sportswear,Clothing,http://www.westbranchangler.com/assetstore/site/images/items/120x120/simms_superlight_short_dk_khaki.jpg,http://www.westbranchangler.com/assetstore/site/images/items/325x325/simms_superlight_short_dk_khaki.jpg,http://www.westbranchangler.com/WBSFCSH109,49.95
WBSFCSL109,ULTRALIGHT SHIRT,ULTRALIGHT SHIRT,"A new design for 2009 - the lightest, most technical fishing shirt coming to a hot weather fishing destination near you.",Sportswear,Clothing,http://www.westbranchangler.com/assetstore/site/images/items/120x120/simms_ultralight_shirt_aqua.jpg,http://www.westbranchangler.com/assetstore/site/images/items/325x325/simms_ultralight_shirt_aqua.jpg,http://www.westbranchangler.com/WBSFCSL109,129.95
WBSFCSL209,SUPERLIGHT SHIRT,SUPERLIGHT SHIRT,"When permit fishing in Boca Paila or trying to land a Silver King in Florida, we recommend you bring along a dependable fishing rod, your lucky rabbit's foot, a lot of water...and your Superlight Shirt. You'll have excellent sun protection in a super lightweight fabric.",Sportswear,Clothing,http://www.westbranchangler.com/assetstore/site/images/items/120x120/simms_superlight_shirt_lt_green.jpg,http://www.westbranchangler.com/assetstore/site/images/items/325x325/simms_superlight_shirt_lt_green.jpg,http://www.westbranchangler.com/WBSFCSL209,99.95
WBSFCSP109,SUPERLIGHT PANT,SUPERLIGHT PANT,"These pants have the same lightweight, technical advantages and features as the Superlight Zip-Off. The Superlight Pants round out the perfect hot weather fishing outfit when paired with our Ultralight or Superlight Shirts. ",Sportswear,Clothing,http://www.westbranchangler.com/assetstore/site/images/items/120x120/simms_superlight_pant_dk_khaki.jpg,http://www.westbranchangler.com/assetstore/site/images/items/325x325/simms_superlight_pant_dk_khaki.jpg,http://www.westbranchangler.com/WBSFCSP109,69.95
WBSFCSS109,MICROCHECK PUCKER SHIRT,MICROCHECK PUCKER SHIRT,This is the mother of all puckers...shirts that is. Lightweight textured fabric in a casual design that will perform on and off the water.,Sportswear,Clothing,http://www.westbranchangler.com/assetstore/site/images/items/120x120/simms_microcheck_pucker_shirt_green.jpg,http://www.westbranchangler.com/assetstore/site/images/items/325x325/simms_microcheck_pucker_shirt_green.jpg,http://www.westbranchangler.com/WBSFCSS109,59.95
WBSFCSTF,STIDHAM T-SHIRT COLLECTION - FRESHWATER SERIES ,STIDHAM T-SHIRT COLLECTION - FRESHWATER SERIES ,"One of three featured artists in the Simms T-shirt Collection, Mike Stidham created these designs just for Simms. These T's make great gifts for your angling friends or to express your species of choice!",Sportswear,Clothing,http://www.westbranchangler.com/assetstore/site/images/items/120x120/simms_stidham_rainbow.jpg,http://www.westbranchangler.com/assetstore/site/images/items/325x325/simms_stidham_rainbow.jpg,http://www.westbranchangler.com/WBSFCSTF,24.95
WBSFCSTS,STIDHAM T-SHIRT COLLECTION - SALTWATER SERIES ,STIDHAM T-SHIRT COLLECTION - SALTWATER SERIES ,"One of three featured artists in the Simms T-shirt Collection, Mike Stidham created these designs just for Simms. These T's make great gifts for your angling friends or to express your species of choice!",Sportswear,Clothing,http://www.westbranchangler.com/assetstore/site/images/items/120x120/simms_stidham_bonefish.jpg,http://www.westbranchangler.com/assetstore/site/images/items/325x325/simms_stidham_bonefish.jpg,http://www.westbranchangler.com/WBSFCSTS,29.95
WBSFCSZ109,SUPERLIGHT ZIP-OFF PANT,SUPERLIGHT ZIP-OFF PANT,"A great compliment to our Ultralight and Superlight Shirts - lightweight, technical performance in a convenient zip-off design. ",Sportswear,Clothing,http://www.westbranchangler.com/assetstore/site/images/items/120x120/simms_superlight_zipoff_pant_dk_khaki.jpg,http://www.westbranchangler.com/assetstore/site/images/items/325x325/simms_superlight_zipoff_pant_dk_khaki.jpg,http://www.westbranchangler.com/WBSFCSZ109,79.95
WBSFCTT109,TATTERSALL SHIRT,TATTERSALL SHIRT,This casual short sleeve shirt performs whether you are catching fish or telling fish stories. ,Sportswear,Clothing,http://www.westbranchangler.com/assetstore/site/images/items/120x120/simms_tattersall_shirt_green.jpg,http://www.westbranchangler.com/assetstore/site/images/items/325x325/simms_tattersall_shirt_green.jpg,http://www.westbranchangler.com/WBSFCTT109,49.95
WBSFCWP109,WOMEN'S SUPERLIGHT ZIP-OFF PANT,WOMEN'S SUPERLIGHT ZIP-OFF PANT,"A great compliment to our women's fishing shirts, these cool, quick-drying pants fit great and look good - on or off the water. ",Sportswear,Clothing,http://www.westbranchangler.com/assetstore/site/images/items/120x120/WBSFCWP109.jpg,http://www.westbranchangler.com/assetstore/site/images/items/325x325/WBSFCWP109.jpg,http://www.westbranchangler.com/WBSFCWP109,69.95
WBSFCWR109,WOMEN'S COTTONWOOD SHIRT,WOMEN'S COTTONWOOD SHIRT,"Another terrific fishing shirt from Simms for women that combines high performance, lightweight fabric with a great fit. ",Sportswear,Clothing,http://www.westbranchangler.com/assetstore/site/images/items/120x120/WBSFCWR109.jpg,http://www.westbranchangler.com/assetstore/site/images/items/325x325/WBSFCWR109.jpg,http://www.westbranchangler.com/WBSFCWR109,69.95
WBSFCWW109,WOMEN'S SUPERLIGHT SHIRT,WOMEN'S SUPERLIGHT SHIRT,"A technical shirt to compliment our women's collection. Stylish design, outstanding warm weather performance.",Sportswear,Clothing,http://www.westbranchangler.com/assetstore/site/images/items/120x120/WBSFCWW109.jpg,http://www.westbranchangler.com/assetstore/site/images/items/325x325/WBSFCWW109.jpg,http://www.westbranchangler.com/WBSFCWW109,99.95
WBSFCWY109,WOMEN'S TRIBUTARY SHIRT ,WOMEN'S TRIBUTARY SHIRT ,"After years of requests from female anglers, we are finally bringing a technical women's fishing shirt to the market - with a sense of style.",Sportswear,Clothing,http://www.westbranchangler.com/assetstore/site/images/items/120x120/photo_not_available.gif,http://www.westbranchangler.com/assetstore/site/images/items/325x325/photo_not_available.gif,http://www.westbranchangler.com/WBSFCWY109,79.95
WBSFCZP109,GUIDE ZIP-OFF PANT,GUIDE ZIP-OFF PANT,Redesigned in 2009 with an updated look and more storage. These quick-drying pants offer functional performance and excellent sun protection.,Sportswear,Clothing,http://www.westbranchangler.com/assetstore/site/images/items/120x120/simms_guide_zipoff_pant_blue.jpg,http://www.westbranchangler.com/assetstore/site/images/items/325x325/simms_guide_zipoff_pant_blue.jpg,http://www.westbranchangler.com/WBSFCZP109,69.95
WBSFCTR110,BLUEWATER™ SHIRT,BLUEWATER™ SHIRT,"Redesigned for 2010, this purpose-built shirt is perfect for the flats angler seeking the ultimate in sun protection and performance.",Sportswear,Clothing,http://www.westbranchangler.com/assetstore/site/images/items/120x120/simms_bluewater_shirt_blue.jpg,http://www.westbranchangler.com/assetstore/site/images/items/325x325/simms_bluewater_shirt_blue.jpg,http://www.westbranchangler.com/WBSFCTR110,69.95
WBSFATB110,NYLON WEB BELT - T-LOCK BUCKLE,NYLON WEB BELT - T-LOCK BUCKLE,"A perennial best seller, our 100% nylon belt is available in a range of color and pattern choices. The plastic cam lock buckle features a laser-etched Simms logo. ",Sportswear,Clothing,http://www.westbranchangler.com/assetstore/site/images/items/120x120/WBSFATB110.jpg,http://www.westbranchangler.com/assetstore/site/images/items/325x325/WBSFATB110.jpg,http://www.westbranchangler.com/WBSFATB110,14.95
WBSFAVB110,NYLON WEB BELT - VIPER BUCKLE,NYLON WEB BELT - VIPER BUCKLE,"A perennial best seller, our 100% nylon belt is available in a range of color and pattern choices. Buckle features aircraft grade aluminum with laser-etched Simms logo. ",Sportswear,Clothing,http://www.westbranchangler.com/assetstore/site/images/items/120x120/WBSFAVB110.jpg,http://www.westbranchangler.com/assetstore/site/images/items/325x325/WBSFAVB110.jpg,http://www.westbranchangler.com/WBSFAVB110,19.95
WBSFCNF110,FLYAWAY SOLID SHIRT,FLYAWAY SOLID SHIRT,"Expanding on the protection story in our Technical Sportswear category, our No Fly Zone™ shirts offer the latest and greatest in insect repellent technology in a fabric & design that is perfect for any fisherman. Features UPF 50 sun protection! ",Sportswear,Clothing,http://www.westbranchangler.com/assetstore/site/images/items/120x120/WBSFCNF110.jpg,http://www.westbranchangler.com/assetstore/site/images/items/325x325/WBSFCNF110.jpg,http://www.westbranchangler.com/WBSFCNF110,89.95
WBSFCNF210,BUG BLOCKER PLAID SHIRT ,BUG BLOCKER PLAID SHIRT ,"A shirt that combines COR3™ Technology with No Fly Zone™ to provide excellent sun protection, anti-odor and moisture management with the newest insect repellent technology. This is angling protection at the highest level! ",Sportswear,Clothing,http://www.westbranchangler.com/assetstore/site/images/items/120x120/WBSFCNF210.jpg,http://www.westbranchangler.com/assetstore/site/images/items/325x325/WBSFCNF210.jpg,http://www.westbranchangler.com/WBSFCNF210,89.95
WBSFCTR210,BLUEWATER SHIRT SHORT SLEEVE,BLUEWATER SHIRT SHORT SLEEVE,A lightweight shirt made for warm weather fishing or a night out on the town. Featuring UPF 50 sun protection. ,Sportswear,Clothing,http://www.westbranchangler.com/assetstore/site/images/items/120x120/WBSFCTR210.jpg,http://www.westbranchangler.com/assetstore/site/images/items/325x325/WBSFCTR210.jpg,http://www.westbranchangler.com/WBSFCTR210,59.95
WBSFCTS110,RIFFLE STRIPE SHIRT,RIFFLE STRIPE SHIRT,A new shirt from Simms that offers all of the technical performance needed for on-the-water use with a style that carries over to the board room. ,Sportswear,Clothing,http://www.westbranchangler.com/assetstore/site/images/items/120x120/WBSFCTS110.jpg,http://www.westbranchangler.com/assetstore/site/images/items/325x325/WBSFCTS110.jpg,http://www.westbranchangler.com/WBSFCTS110,69.95
WBSFCWS110,BIG SKY SHIRT,BIG SKY SHIRT,A technical fishing shirt inspired by the classic western style that's a staple in our hometown of Bozeman. ,Sportswear,Clothing,http://www.westbranchangler.com/assetstore/site/images/items/120x120/WBSFCWS110.jpg,http://www.westbranchangler.com/assetstore/site/images/items/325x325/WBSFCWS110.jpg,http://www.westbranchangler.com/WBSFCWS110,69.95
WBSFCWS210,BIG SKY SHIRT SHORT SLEEVE,BIG SKY SHIRT SHORT SLEEVE,The same fabric and western style detail as our long sleeved version. A nice addition to your wardrobe. ,Sportswear,Clothing,http://www.westbranchangler.com/assetstore/site/images/items/120x120/WBSFCWS210.jpg,http://www.westbranchangler.com/assetstore/site/images/items/325x325/WBSFCWS210.jpg,http://www.westbranchangler.com/WBSFCWS210,59.95
WBSFCZP110,FLY AWAY ZIP OFF PANT,FLY AWAY ZIP OFF PANT,"Featuring the same protective story as the Fly Away & Bug Blocker Shirts, the Fly Away Zip Off Pant combines super durable, quick-dry nylon fabric with insect repellency and all of the performance features of COR3™ Technology. ",Sportswear,Clothing,http://www.westbranchangler.com/assetstore/site/images/items/120x120/WBSFCZP110.jpg,http://www.westbranchangler.com/assetstore/site/images/items/325x325/WBSFCZP110.jpg,http://www.westbranchangler.com/WBSFCZP110,89.95
WBSFADS,SIMMS SUNSCREEN LOTION ,SIMMS SUNSCREEN LOTION ,A fast-drying sunscreen lotion with excellent SPF 30+ sun protection.,Suncare,Accessories,http://www.westbranchangler.com/assetstore/site/images/items/120x120/simms_sun_screen.jpg,http://www.westbranchangler.com/assetstore/site/images/items/325x325/simms_sun_screen.jpg,http://www.westbranchangler.com/WBSFADS,7.95
WBSFADL,SIMMS LIP BALM,SIMMS LIP BALM,Great sun protection and moisturizer.,Suncare,Accessories,http://www.westbranchangler.com/assetstore/site/images/items/120x120/simms_lip_balm.jpg,http://www.westbranchangler.com/assetstore/site/images/items/325x325/simms_lip_balm.jpg,http://www.westbranchangler.com/WBSFADL,2.5
WBSFVGG109,G3 GUIDE VEST,G3 GUIDE VEST,"With the G3’s twenty-two pockets, you won’t have to decide what to take or leave behind. Our most technical, highest capacity vest.",Vests,Clothing,http://www.westbranchangler.com/assetstore/site/images/items/120x120/simms_g3_guide_vest_gunmetal.jpg,http://www.westbranchangler.com/assetstore/site/images/items/325x325/simms_g3_guide_vest_gunmetal.jpg,http://www.westbranchangler.com/WBSFVGG109,199.95
WBSFVHM109,HEADWATERS™ MESH VEST,HEADWATERS™ MESH VEST,"With our new warm weather mesh vest, you don’t have to sacrifice all the features you need for lightweight packability.",Vests, Equipment,http://www.westbranchangler.com/assetstore/site/images/items/120x120/WBSFVHM109.jpg,http://www.westbranchangler.com/assetstore/site/images/items/325x325/WBSFVHM109.jpg,http://www.westbranchangler.com/WBSFVHM109,99.95
WBSFVGV110,GUIDE VEST,GUIDE VEST,"Even more functional and larger storage capacity than its predecessor, this 18 pocket classic comes with a power stretch mesh yoke and padded breathable collar for all-day comfort on the water.",Vests, Equipment,http://www.westbranchangler.com/assetstore/site/images/items/120x120/simms_guide_vest_taupo.jpg,http://www.westbranchangler.com/assetstore/site/images/items/325x325/simms_guide_vest_taupo.jpg,http://www.westbranchangler.com/WBSFVGV110,129.95
WBSFVFV109,FREESTONE® VEST ,FREESTONE® VEST ,"Redesigned for 2009, this vest gives you the best of Simms functionality and performance at a great price. ",Vests, Equipment,http://www.westbranchangler.com/assetstore/site/images/items/120x120/simms_freestone_vest_gunmetal.jpg,http://www.westbranchangler.com/assetstore/site/images/items/325x325/simms_freestone_vest_gunmetal.jpg,http://www.westbranchangler.com/WBSFVFV109,69.95
WBSFVVS110,VERTICAL GUIDE VEST,VERTICAL GUIDE VEST,"Shorter than the other Simms vests, the Vertical Vest offers a technical vest designed for two-handed casting with ample pockets for large fly box storage. ",Vests, Equipment,http://www.westbranchangler.com/assetstore/site/images/items/120x120/WBSFVVS110.jpg,http://www.westbranchangler.com/assetstore/site/images/items/325x325/WBSFVVS110.jpg,http://www.westbranchangler.com/WBSFVVS110,129.95
WBSFWPG10,G3 GUIDE™ CONVERTIBLE ,G3 GUIDE™ CONVERTIBLE ,"Finally, our most durable wader converts to a pant. Cool wearing in the most durable GORE-TEX® Pro Shell fabric",Waders,Clothing,http://www.westbranchangler.com/assetstore/site/images/items/120x120/g3_guide_conv.jpg,http://www.westbranchangler.com/assetstore/site/images/items/325x325/g3_guide_conv.jpg,http://www.westbranchangler.com/WBSFWPG10,379.95
WBSFWGV10,G4 PRO™ STOCKINGFOOTS,G4 PRO™ STOCKINGFOOTS,Our highest performing GORE-TEX® Pro Shell fabric wader – built for the most demanding angler. The G4Z™ Wader without a zipper! ,Waders,Clothing,http://www.westbranchangler.com/assetstore/site/images/items/120x120/g4_pro_large.jpg,http://www.westbranchangler.com/assetstore/site/images/items/325x325/g4_pro_large.jpg,http://www.westbranchangler.com/WBSFWGV10,499.95
WBSFWGV107,G4Z™ STOCKINGFOOTS,G4Z™ STOCKINGFOOTS,"Introduced in 2007, this award-winning wader is the benchmark wader for comfort, durability, performance and convenience.",Waders,Clothing,http://www.westbranchangler.com/assetstore/site/images/items/120x120/g4_large.jpg,http://www.westbranchangler.com/assetstore/site/images/items/325x325/g4_large.jpg,http://www.westbranchangler.com/WBSFWGV107,699.95
WBSFWGP10,G3 GUIDE™ STOCKINGFOOTS   ,G3 GUIDE™ STOCKINGFOOTS   ,An updated version of our top selling wader now with GORE-TEX Pro Shell fabric - and at a great new price.,Waders,Clothing,http://www.westbranchangler.com/assetstore/site/images/items/120x120/g3_guide_large.jpg,http://www.westbranchangler.com/assetstore/site/images/items/325x325/g3_guide_large.jpg,http://www.westbranchangler.com/WBSFWGP10,399.95
WBSFWFS109,FREESTONE® STOCKINGFOOTS,FREESTONE® STOCKINGFOOTS,"Updated with features you’ve asked for and built with Simms QuadraLam™ Technology with Toray® fabric, these very affordable waders stand up to challenging conditions with total comfort and performance. ",Waders, Equipment,http://www.westbranchangler.com/assetstore/site/images/items/120x120/WBSFWFS109.jpg,http://www.westbranchangler.com/assetstore/site/images/items/325x325/WBSFWFS109.jpg,http://www.westbranchangler.com/WBSFWFS109,199.95
WBSFWCY109,KID'S GORE-TEX® STOCKINGFOOTS,KID'S GORE-TEX® STOCKINGFOOTS,"A Simms exclusive, these are the only GORE-TEX® waders on the market designed for children. ",Waders, Equipment,http://www.westbranchangler.com/assetstore/site/images/items/120x120/WBSFWCY109.jpg,http://www.westbranchangler.com/assetstore/site/images/items/325x325/WBSFWCY109.jpg,http://www.westbranchangler.com/WBSFWCY109,149.95
WBSFWFZ109,FREESTONE ZIPPERED STOCKINGFOOT ,FREESTONE ZIPPERED STOCKINGFOOT ,This new Freestone Wader offers the convenience of a center-front zipper in a durable waterproof fabric from Toray® - at a competitive price that won't sink your budget.,Waders, Equipment,http://www.westbranchangler.com/assetstore/site/images/items/120x120/simms_freestone_zippered_wader.jpg,http://www.westbranchangler.com/assetstore/site/images/items/325x325/simms_freestone_zippered_wader.jpg,http://www.westbranchangler.com/WBSFWFZ109,299.95
WBSFWHP109,HEADWATERS™ PANT,HEADWATERS™ PANT,"On warm days or when chest waders arenâ€™t needed, these highly breathable pants perform with minimal bulk, solid protection and relaxed ease. ",Waders, Equipment,http://www.westbranchangler.com/assetstore/site/images/items/120x120/simms_headwaters_wading_pant.jpg,http://www.westbranchangler.com/assetstore/site/images/items/325x325/simms_headwaters_wading_pant.jpg,http://www.westbranchangler.com/WBSFWHP109,249.95
WBSFWHS109,HEADWATERS™ STOCKINGFOOT,HEADWATERS™ STOCKINGFOOT,"One of the best values in waders anywhere, our lightest, most breathable, Bozeman-made GORE-TEX® waders allow you to forget about what you’re wearing and keep your eye on the caddis.",Waders, Equipment,http://www.westbranchangler.com/assetstore/site/images/items/120x120/simms_headwaters_stockingfoot_waders.jpg,http://www.westbranchangler.com/assetstore/site/images/items/325x325/simms_headwaters_stockingfoot_waders.jpg,http://www.westbranchangler.com/WBSFWHS109,299.95
WBSFWWG109,WOMEN'S HEADWATERS™ STOCKINGFOOTS,WOMEN'S HEADWATERS™ STOCKINGFOOTS,"Whatever your shape and size, our patented front and back seam design outfits you in total comfort. Very light GORE-TEX® fabric breathes and protects while the women’s cut gives you complete range of motion.",Waders, Equipment,http://www.westbranchangler.com/assetstore/site/images/items/120x120/WBSFWWG109.jpg,http://www.westbranchangler.com/assetstore/site/images/items/325x325/WBSFWWG109.jpg,http://www.westbranchangler.com/WBSFWWG109,299.95
WBSFWPW110,G3 GUIDE™ PANT,G3 GUIDE™ PANT,"An update to an old SIMMS favorite, the Guide Pant offers the durability that you love in a pant - when you just don't need a chest high wader. Available in stores Spring 2010. ",Waders, Equipment,http://www.westbranchangler.com/assetstore/site/images/items/120x120/WBSFWPW110.jpg,http://www.westbranchangler.com/assetstore/site/images/items/325x325/WBSFWPW110.jpg,http://www.westbranchangler.com/WBSFWPW110,379.95
WBSFSL20,REPLACEMENT LACES ,REPLACEMENT LACES ,Broken down laces?  Don't fret these will have you back on the stream in no time!,Wading,Accessories,http://www.westbranchangler.com/assetstore/site/images/items/120x120/replacement_laces.jpg,http://www.westbranchangler.com/assetstore/site/images/items/325x325/replacement_laces.jpg,http://www.westbranchangler.com/WBSFSL20,2.95
WBSFAWB,WEB WADING BELT ,WEB WADING BELT ,Great wading belt at a great price!,Wading,Accessories,http://www.westbranchangler.com/assetstore/site/images/items/120x120/web_belt.jpg,http://www.westbranchangler.com/assetstore/site/images/items/325x325/web_belt.jpg,http://www.westbranchangler.com/WBSFAWB,10.95
WBSFASB9,BACKSAVER™ BELT ,BACKSAVER™ BELT ,Don't let your back keep you off the river this belt will keep you feeling good all day long.,Wading,Accessories,http://www.westbranchangler.com/assetstore/site/images/items/120x120/back_saver_belt.jpg,http://www.westbranchangler.com/assetstore/site/images/items/325x325/back_saver_belt.jpg,http://www.westbranchangler.com/WBSFASB9,49.95
WBSFASB1,NEOPRENE WADING BELT ,NEOPRENE WADING BELT ,Less abrasive than the web belt and very comfortable.,Wading,Accessories,http://www.westbranchangler.com/assetstore/site/images/items/120x120/neo_wading_belt.jpg,http://www.westbranchangler.com/assetstore/site/images/items/325x325/neo_wading_belt.jpg,http://www.westbranchangler.com/WBSFASB1,19.95
WBSFAGS,GUARD SOCKS ,GUARD SOCKS ,Essential to wear with any of our boots when you're wet wading.,Wading,Accessories,http://www.westbranchangler.com/assetstore/site/images/items/120x120/simms_guard_socks.jpg,http://www.westbranchangler.com/assetstore/site/images/items/325x325/simms_guard_socks.jpg,http://www.westbranchangler.com/WBSFAGS,29.95
WBSFAGG,GUIDE MODEL GRAVEL GUARDS® ,GUIDE MODEL GRAVEL GUARDS® ,Full-featured gravel protection.,Wading,Accessories,http://www.westbranchangler.com/assetstore/site/images/items/120x120/guide_gravel_wraps_large.jpg,http://www.westbranchangler.com/assetstore/site/images/items/325x325/guide_gravel_wraps_large.jpg,http://www.westbranchangler.com/WBSFAGG,29.95
WBSFABM10,BACKMAGIC WADING BELT ,BACKMAGIC WADING BELT ,Unsurpassed comfort and support in a highly adjustable belt,Wading,Accessories,http://www.westbranchangler.com/assetstore/site/images/items/120x120/simms_back_magic.jpg,http://www.westbranchangler.com/assetstore/site/images/items/325x325/simms_back_magic.jpg,http://www.westbranchangler.com/WBSFABM10,99.95
